id;nom_application;action;password;status;message;date_demande;date_retour;user_id
1;SDD Multi-layered;Stagiaire;enable;payment;withdrawal Borders;2022-05-15;2022-05-15;wireless invoice Directeur
2;Frozen;Shoes drive;USB;indigo Chicken;uniform Garden;2022-05-16;2022-05-15;de auxiliary
3;withdrawal;Guatemala Azerbaïdjan;Pants Sleek;c Bedfordshire;calculate Intelligent Joubert;2022-05-15;2022-05-16;open-source
4;metrics Bretagne;Assistant cohesive;Avon;Jewelery a;Credit Chips Soap;2022-05-16;2022-05-15;synthesizing
5;b Berkshire;migration b;Balanced b Tasty;Avon Technicien;Fantastic;2022-05-16;2022-05-15;PNG
6;application Avon reboot;Berkshire back-end;interface driver Borders;JSON;b c;2022-05-15;2022-05-16;Metal
7;Garden copying;Bedfordshire Saint-Denis;Franche-Comté action-items invoice;compelling;card Fresh Automotive;2022-05-16;2022-05-15;a
8;Sausages Plastic Centralized;Industrial;Cambridgeshire;Producteur invoice;c;2022-05-15;2022-05-16;connecting
9;deposit white;SAS;generating b;Electronics multi-byte XSS;best-of-breed Public-key;2022-05-15;2022-05-16;Personal Networked SDD
10;incremental Granite;up;sexy Future-proofed Electronics;PCI;Designer;2022-05-15;2022-05-15;Handcrafted Down-sized
